ticker,Date,Open,High,Low,Close,Volume
ARKQ,2025-10-13,119.12412793187605,120.51056739176553,117.96709515708359,119.84228515625,360000
ARKQ,2025-10-14,117.58806888081949,121.93690300368617,115.43360485849232,120.4207992553711,319100
ARKQ,2025-10-15,122.99419184600559,123.86196645340362,118.48577123723503,120.61031341552734,480900
ARKQ,2025-10-16,121.56785227431543,122.20621257140881,117.4185103432084,117.83743286132812,346200
ARKQ,2025-10-17,116.27145556184828,117.40853533126624,114.16685881444984,115.94229888916016,312100
ARKQ,2025-10-20,118.16658989551962,119.20392728397074,117.82745670609569,118.70520782470703,265600
ARKQ,2025-10-21,118.70520899408936,119.39842874490071,117.12327231481315,118.34613037109375,157300
ARKQ,2025-10-22,117.6977950079588,117.89727975216582,112.26175582483839,114.46609497070312,396400
ARKQ,2025-10-23,114.34639516410016,117.77758742356232,114.00726959000932,117.3287353515625,260600
ARKQ,2025-10-24,119.52310793992488,119.69267073042778,118.34612970668148,118.87477111816406,229500
ARKQ,2025-10-27,121.46810925293316,121.69053770373088,120.14151367615099,120.9095458984375,251500
ARKQ,2025-10-28,121.71746844111689,122.52539151955457,120.74995148504192,120.87962341308594,327900
ARKQ,2025-10-29,123.22360261755588,124.99405818700349,122.38775137627816,124.37065887451172,653200
ARKQ,2025-10-30,122.68498581752051,123.48293998873093,121.46810913085938,121.46810913085938,267600
ARKQ,2025-10-31,123.41312016110906,124.5322406563416,121.99675111992802,123.90186309814453,314200
ARKQ,2025-11-03,124.66988664568242,124.66988664568242,122.28600827074656,123.7023696899414,261600
ARKQ,2025-11-04,119.6926697263946,121.3484219770068,118.38602718370173,118.39599609375,454800
ARKQ,2025-11-05,117.82745621694382,119.28371611876568,116.0919146366705,118.39599609375,538400
ARKQ,2025-11-06,118.16658942776158,118.18653485771695,112.70062082753196,113.16941833496094,438600
ARKQ,2025-11-07,110.62594997857556,113.16941455999753,108.31188446848097,112.95995330810547,586300
ARKQ,2025-11-10,116.79011438638894,116.79011438638894,114.70547078741744,116.17170715332031,301400
ARKQ,2025-11-11,115.47349669298177,115.58521697124014,113.75790819823322,114.83513641357422,187300
ARKQ,2025-11-12,115.83258144921702,116.2564960429759,113.6930782696544,114.46609497070312,156100
ARKQ,2025-11-13,112.72057385868487,112.9300351175478,107.64360582674264,108.08248138427734,348100
ARKQ,2025-11-14,104.85078352661186,109.93772057022328,104.74106463503638,108.20217895507812,266900
ARKQ,2025-11-17,107.60370828902586,108.76074109260117,105.0622373829536,106.29706573486328,271700
ARKQ,2025-11-18,104.87072314852472,106.33695951850066,103.41446329809993,105.05026245117188,295900
ARKQ,2025-11-19,105.29962648333863,106.97532417338587,104.27226561328291,105.2896499633789,163300
ARKQ,2025-11-20,108.58119777122027,109.06994069474709,100.93084333967754,101.00066375732422,355700
ARKQ,2025-11-21,101.28992506255413,102.8559038578076,98.0981159623274,101.73876953125,417100
ARKQ,2025-11-24,102.79106441173779,106.02675943626964,102.5865876143183,105.77839660644531,167100
ARKQ,2025-11-25,105.86816757836183,107.41320407507398,103.74362539386003,107.19476318359375,109900
ARKQ,2025-11-26,108.23209533293829,109.40907351935782,107.81316521855828,108.88043212890625,194000
ARKQ,2025-11-28,109.33925729302182,109.85792218376429,108.98416623661052,109.67838287353516,89500
ARKQ,2025-12-01,108.49142488448146,109.32828061951767,107.80519100598406,108.22710418701172,115400
ARKQ,2025-12-02,109.02007570617596,110.34666367054321,108.33184042438978,108.75076293945312,122600
ARKQ,2025-12-03,109.17966078333238,112.07223510742188,108.72083980376513,112.07223510742188,347500
ARKQ,2025-12-04,112.03233937396148,114.56583514810404,111.64333880331114,114.48603820800781,373200
ARKQ,2025-12-05,114.74537613506025,115.04460325001088,113.65816373746402,114.29652404785156,294000
ARKQ,2025-12-08,114.76531607826979,114.97477733167699,113.49358758328718,114.41621398925781,152100
ARKQ,2025-12-09,113.9773394732095,115.36278204100947,113.75790930802947,114.7553482055664,206300
ARKQ,2025-12-10,114.63565533266872,116.34127497198197,113.3589347331726,115.6031723022461,236000
ARKQ,2025-12-11,114.98475976638059,117.14920043945312,113.27914009244864,117.14920043945312,255900
ARKQ,2025-12-12,116.92976929321175,117.5182546100921,112.94001356703669,114.2666015625,242400
ARKQ,2025-12-15,115.40368111139063,116.03207250734924,112.80136939720755,112.84026336669922,204900
ARKQ,2025-12-16,112.28169771798166,113.59831677389248,111.6134154751011,113.41877746582031,183000
ARKQ,2025-12-17,113.72798193629288,114.13195108984345,109.39012106153085,109.50881958007812,284500
ARKQ,2025-12-18,112.18195444338848,113.41478898623676,111.58349262459758,112.52108001708984,171700
ARKQ,2025-12-19,113.56839418114912,116.90981298648718,113.52849571181956,116.63053131103516,538600
ARKQ,2025-12-22,118.59548656194345,120.22130922706478,118.39599421631652,119.70264434814453,582600
ARKQ,2025-12-23,118.71517710940324,119.81236601112961,118.35610609866694,119.43333435058594,232400
ARKQ,2025-12-24,119.9021297394927,119.9021297394927,118.17656469705064,119.17400360107422,111300
ARKQ,2025-12-26,118.98999786376953,119.16000366210938,116.80999755859375,117.0999984741211,204700
ARKQ,2025-12-29,116.12000274658203,117.2249984741211,115.74199676513672,116.0999984741211,143800
ARKQ,2025-12-30,116.93000030517578,117.13999938964844,115.5,115.5,125800
ARKQ,2025-12-31,116.08000183105469,116.08000183105469,114.44000244140625,114.66000366210938,229100
ARKQ,2026-01-02,116.53500366210938,118.5999984741211,115.69999694824219,118.44000244140625,405100
ARKQ,2026-01-05,120.30000305175781,123.75,120.30000305175781,123.5,595200
ARKQ,2026-01-06,124.0,126.20999908447266,122.77999877929688,126.12999725341797,441200
ARKQ,2026-01-07,126.0,126.58999633789062,124.80999755859375,124.86499786376953,301800
ARKQ,2026-01-08,126.54000091552734,129.02999877929688,126.23500061035156,126.87999725341797,440700
ARKQ,2026-01-09,128.0500030517578,130.05999755859375,127.19999694824219,129.24000549316406,394800
ARKQ,2026-01-12,129.30999755859375,131.8800048828125,129.24000549316406,131.47999572753906,521900
ARKQ,2026-01-13,132.5800018310547,132.5800018310547,129.9149932861328,130.67999267578125,348500
ARKQ,2026-01-14,129.85000610351562,132.0800018310547,128.5500030517578,132.02999877929688,299200
ARKQ,2026-01-15,132.5800018310547,133.91000366210938,131.85000610351562,132.27999877929688,574500
ARKQ,2026-01-16,133.26499938964844,135.17999267578125,132.94000244140625,134.0500030517578,387300
ARKQ,2026-01-20,130.88999938964844,133.39999389648438,128.8470001220703,129.35499572753906,575700
ARKQ,2026-01-21,130.69000244140625,131.10000610351562,126.52999877929688,130.11000061035156,461100
ARKQ,2026-01-22,131.8300018310547,131.8300018310547,129.17999267578125,130.97000122070312,324100
ARKQ,2026-01-23,131.55999755859375,131.72999572753906,129.4550018310547,130.24000549316406,262200
ARKQ,2026-01-26,129.61000061035156,129.6300048828125,127.37000274658203,127.5,370500
ARKQ,2026-01-27,128.74000549316406,130.25,128.25,130.08999633789062,181200
ARKQ,2026-01-28,131.33999633789062,131.33999633789062,129.2949981689453,130.47999572753906,347900
ARKQ,2026-01-29,130.74000549316406,130.74000549316406,125.06999969482422,127.80000305175781,404800
ARKQ,2026-01-30,126.08000183105469,127.75,123.12999725341797,123.91999816894531,298500
ARKQ,2026-02-02,122.62999725341797,124.02999877929688,121.94999694824219,122.51000213623047,384800
ARKQ,2026-02-03,125.4000015258789,126.66799926757812,122.88999938964844,126.51499938964844,313000
ARKQ,2026-02-04,125.69499969482422,125.80999755859375,116.86000061035156,119.41999816894531,532600
ARKQ,2026-02-05,117.0,119.3949966430664,115.02999877929688,115.68000030517578,474700
ARKQ,2026-02-06,118.02999877929688,123.08999633789062,117.93000030517578,122.80999755859375,482700
ARKQ,2026-02-09,122.61000061035156,126.87000274658203,122.12999725341797,126.2699966430664,317300
ARKQ,2026-02-10,126.37000274658203,127.11000061035156,124.41000366210938,124.5199966430664,189000
ARKQ,2026-02-11,126.12000274658203,126.12000274658203,121.36499786376953,123.2699966430664,214800
ARKQ,2026-02-12,123.94999694824219,124.54499816894531,120.12000274658203,120.61000061035156,301100
ARKQ,2026-02-13,120.43000030517578,123.04499816894531,119.61100006103516,121.87000274658203,192500
ARKQ,2026-02-17,120.51000213623047,123.1729965209961,119.2699966430664,122.13999938964844,161500
ARKQ,2026-02-18,122.55000305175781,125.6500015258789,122.55000305175781,124.08499908447266,144100
ARKQ,2026-02-19,123.81999969482422,126.70999908447266,123.36000061035156,126.62999725341797,168900
ARKQ,2026-02-20,126.05000305175781,127.58999633789062,124.125,124.9749984741211,188400
ARKQ,2026-02-23,123.47000122070312,124.16999816894531,121.69999694824219,123.12999725341797,150800
ARKQ,2026-02-24,122.66000366210938,124.875,121.33999633789062,124.76000213623047,178600
ARKQ,2026-02-25,125.72000122070312,125.75,124.48999786376953,124.83000183105469,118800
ARKQ,2026-02-26,124.91000366210938,124.91000366210938,122.38999938964844,124.62000274658203,135700
ARKQ,2026-02-27,121.91999816894531,122.48999786376953,120.27999877929688,122.44000244140625,189900
ARKQ,2026-03-02,121.16999816894531,125.19000244140625,121.09200286865234,123.9000015258789,269900
ARKQ,2026-03-03,120.5199966430664,122.16000366210938,117.88999938964844,120.83999633789062,231100
ARKQ,2026-03-04,121.94999694824219,123.31500244140625,120.73999786376953,122.69999694824219,158300
ARKQ,2026-03-05,122.02999877929688,122.8499984741211,118.33499908447266,120.88999938964844,163700
ARKQ,2026-03-06,118.58999633789062,121.19000244140625,118.19999694824219,118.69999694824219,229000
ARKQ,2026-03-09,117.08999633789062,122.0,116.5,121.66999816894531,199400
ARKQ,2026-03-10,121.62999725341797,123.0,120.62000274658203,120.86000061035156,194200
ARKQ,2026-03-11,120.23999786376953,122.69000244140625,120.23999786376953,121.44000244140625,118100
ARKQ,2026-03-12,120.66000366210938,120.88999938964844,118.0,118.80999755859375,143300
ARKQ,2026-03-13,120.0,120.66999816894531,117.0,117.2699966430664,216200
ARKQ,2026-03-16,118.7300033569336,120.30000305175781,118.0999984741211,119.25,116300
ARKQ,2026-03-17,120.02999877929688,121.8499984741211,119.66000366210938,121.8499984741211,97600
ARKQ,2026-03-18,120.87999725341797,121.57499694824219,118.94999694824219,118.94999694824219,109500
ARKQ,2026-03-19,116.83000183105469,119.8499984741211,115.9000015258789,118.97000122070312,167100
ARKQ,2026-03-20,118.37999725341797,118.56999969482422,113.26000213623047,114.66000366210938,240100
ARKQ,2026-03-23,116.1500015258789,118.93000030517578,116.1500015258789,117.37999725341797,169800
ARKQ,2026-03-24,116.38999938964844,117.44000244140625,115.38999938964844,116.41000366210938,134200
ARKQ,2026-03-25,118.75,120.05500030517578,118.25,119.0199966430664,138600
ARKQ,2026-03-26,117.12999725341797,117.25,113.76000213623047,113.83999633789062,158400
ARKQ,2026-03-27,112.81999969482422,112.87000274658203,109.97000122070312,110.22000122070312,147200
ARKQ,2026-03-30,111.37999725341797,111.37999725341797,105.5999984741211,106.45999908447266,366400
ARKQ,2026-03-31,108.31999969482422,112.77999877929688,108.31999969482422,112.44999694824219,235800
ARKQ,2026-04-01,114.44999694824219,116.125,114.05500030517578,114.51000213623047,202500
ARKQ,2026-04-02,110.55000305175781,116.05000305175781,110.55000305175781,114.9000015258789,179600
ARKQ,2026-04-06,115.47000122070312,117.0,114.7300033569336,115.96499633789062,119800
ARKQ,2026-04-07,114.95999908447266,115.41000366210938,112.86000061035156,115.3499984741211,132900
ARKQ,2026-04-08,121.73999786376953,122.3499984741211,118.69000244140625,119.7699966430664,235100
ARKQ,2026-04-09,119.16000366210938,119.87999725341797,117.7300033569336,118.19000244140625,116100
ARKQ,2026-04-10,118.84500122070312,120.0,118.55999755859375,119.18000030517578,105900
ARKQ,2026-04-13,118.41999816894531,120.97000122070312,118.41999816894531,120.8550033569336,126294
BOTZ,2025-10-13,36.27835471516508,36.70152673368076,36.12401853087136,36.59199905395508,1038300
BOTZ,2025-10-14,36.014492470566196,36.58702113232412,35.49673144943035,36.31320571899414,746900
BOTZ,2025-10-15,37.04006501547047,37.13963356135564,36.24350525349943,36.7015266418457,778500
BOTZ,2025-10-16,36.910622841384864,36.920581974944355,36.13397754879299,36.3331184387207,470500
BOTZ,2025-10-17,35.91990212301416,36.13397791716699,35.58634331300524,35.8950080871582,490500
BOTZ,2025-10-20,36.601955850974996,36.970367842637195,36.56810543064288,36.90066909790039,586700
BOTZ,2025-10-21,36.66169976639992,36.94049474919791,36.32316137373232,36.72144317626953,515100
BOTZ,2025-10-22,37.15954876434757,37.22924750750353,36.23354683579369,36.67165756225586,1079700
BOTZ,2025-10-23,36.711483950312335,37.275052433612004,36.69156948040561,37.199378967285156,488700
BOTZ,2025-10-24,37.60263654317792,37.756968937107054,37.51800289478432,37.567787170410156,1382300
BOTZ,2025-10-27,38.085548806843036,38.085548806843036,37.87645258772994,38.01585006713867,763800
BOTZ,2025-10-28,37.93619507529737,38.085551699319275,37.77389765431594,37.89636993408203,715600
BOTZ,2025-10-29,38.145293966964026,38.175163771555766,37.59765556080474,37.99593734741211,973200
BOTZ,2025-10-30,37.443323481616645,37.647443943468616,37.219292348736985,37.24418258666992,780900
BOTZ,2025-10-31,37.617570325997306,37.73705714189779,37.328820016646084,37.6673583984375,595800
BOTZ,2025-11-03,38.015849661917485,38.18412178908201,37.57276319353568,38.085548400878906,1060800
BOTZ,2025-11-04,37.43834469287701,37.657400061701196,37.11972077365824,37.159549713134766,1881000
BOTZ,2025-11-05,36.75131010069595,37.040064194981824,36.52229941159572,36.84092330932617,793700
BOTZ,2025-11-06,36.69654784216343,36.72144187830339,35.62616885918825,35.82530975341797,1088800
BOTZ,2025-11-07,35.31252279110049,35.84522247314453,34.978963993566545,35.84522247314453,1309500
BOTZ,2025-11-10,36.45260207064353,36.487451442098774,35.99458067486128,36.41277313232422,819000
BOTZ,2025-11-11,36.27337346008465,36.27337346008465,35.94479043620096,36.133975982666016,406100
BOTZ,2025-11-12,36.30822394965656,36.32315885151271,35.90496640635431,36.03440475463867,584600
BOTZ,2025-11-13,35.71777466766865,35.815352904074416,34.969005088946226,35.148231506347656,1012700
BOTZ,2025-11-14,34.58068224149806,35.33343243037142,34.52093883662681,34.998878479003906,2126000
BOTZ,2025-11-17,34.60059880299423,34.74995542505964,33.955385944196884,34.172447204589844,1388300
BOTZ,2025-11-18,33.465501530103154,33.804039924034655,33.25640529222402,33.55511474609375,1875300
BOTZ,2025-11-19,33.66464160840714,33.98326552451165,33.44558624172402,33.69451141357422,827800
BOTZ,2025-11-20,34.33175706785255,34.43132940925399,32.897949536339816,32.93777847290039,1001600
BOTZ,2025-11-21,32.997518429023394,33.570047053683645,32.5892813206937,33.34601593017578,1071400
BOTZ,2025-11-24,33.49537133925505,33.98027709974906,33.38584365322293,33.92352294921875,535400
BOTZ,2025-11-25,33.97330713145155,34.44626724725883,33.63875315173516,34.401458740234375,602400
BOTZ,2025-11-26,34.560769373940055,34.849523480080485,34.49605019772098,34.7200813293457,558100
BOTZ,2025-11-28,34.95905158865897,35.105418950949485,34.92918178362322,35.01879119873047,278000
BOTZ,2025-12-01,34.94909308257625,35.359324323806035,34.94909308257625,35.09844970703125,679800
BOTZ,2025-12-02,35.32745771005465,35.4170709182133,34.93913507413266,34.998878479003906,547500
BOTZ,2025-12-03,34.92918251404553,35.36230988930794,34.81965482889516,35.357330322265625,640800
BOTZ,2025-12-04,36.28333243381924,36.77620701907582,36.23354815807628,36.72144317626953,1537900
BOTZ,2025-12-05,36.64178157643557,36.75130925092849,36.39285642469579,36.61191177368164,642100
BOTZ,2025-12-08,36.746330623194076,36.860837867170304,36.49740546509457,36.73139572143555,692100
BOTZ,2025-12-09,36.781182787842376,36.935518980431354,36.616895057720285,36.72144317626953,512600
BOTZ,2025-12-10,36.721439576328756,36.97534049721602,36.43268548771176,36.870792388916016,659300
BOTZ,2025-12-11,36.6915671011245,36.80607434608869,36.32315892748161,36.77122497558594,459700
BOTZ,2025-12-12,36.94049273876525,36.96040720763797,36.054319764560226,36.22359085083008,782500
BOTZ,2025-12-15,36.49243244310878,36.49243244310878,35.93483867961492,35.984622955322266,591700
BOTZ,2025-12-16,35.55149382756004,35.7755249563575,35.41806726534789,35.63612747192383,650100
BOTZ,2025-12-17,35.54651282936143,35.68591030818186,34.84952163696289,34.84952163696289,509700
BOTZ,2025-12-18,35.30754584541991,35.49175184196768,35.12831941588606,35.207977294921875,866700
BOTZ,2025-12-19,35.536553597034555,35.83526682029837,35.41707058670688,35.80539321899414,455700
BOTZ,2025-12-22,36.24350482196359,36.46255637996212,36.1757963883855,36.40281677246094,633100
BOTZ,2025-12-23,36.412774060371554,36.57208601941255,36.17380802095842,36.532257080078125,708800
BOTZ,2025-12-24,36.542215189323606,36.5919994629472,36.38290323475012,36.522300720214844,202300
BOTZ,2025-12-26,36.48247012341106,36.49242925666098,36.26341477147011,36.43268585205078,334400
BOTZ,2025-12-29,36.452601570048415,36.79113994452027,36.42273176586743,36.59199905395508,845400
BOTZ,2025-12-30,36.93000030517578,36.95000076293945,36.560001373291016,36.58000183105469,335100
BOTZ,2025-12-31,36.529998779296875,36.540000915527344,36.220001220703125,36.22999954223633,352200
BOTZ,2026-01-02,36.650001525878906,36.77000045776367,36.349998474121094,36.709999084472656,696100
BOTZ,2026-01-05,37.04999923706055,37.66600036621094,36.9900016784668,37.61000061035156,1216700
BOTZ,2026-01-06,37.45000076293945,37.965999603271484,37.41999816894531,37.93000030517578,774300
BOTZ,2026-01-07,38.119998931884766,38.29999923706055,37.970001220703125,38.15999984741211,1178700
BOTZ,2026-01-08,37.959999084472656,37.9900016784668,37.650001525878906,37.72999954223633,887700
BOTZ,2026-01-09,38.189998626708984,38.41999816894531,38.029998779296875,38.22999954223633,1434200
BOTZ,2026-01-12,38.369998931884766,38.525001525878906,38.189998626708984,38.439998626708984,901800
BOTZ,2026-01-13,38.439998626708984,38.439998626708984,37.72999954223633,37.849998474121094,953100
BOTZ,2026-01-14,37.95000076293945,38.02000045776367,37.689998626708984,38.0,923400
BOTZ,2026-01-15,38.5,38.61000061035156,38.290000915527344,38.34000015258789,1222600
BOTZ,2026-01-16,38.404998779296875,38.529998779296875,38.18899917602539,38.349998474121094,737200
BOTZ,2026-01-20,37.59000015258789,37.869998931884766,37.09000015258789,37.16999816894531,1314900
BOTZ,2026-01-21,37.58000183105469,37.88999938964844,37.15999984741211,37.709999084472656,1215900
BOTZ,2026-01-22,37.900001525878906,38.0,37.6349983215332,37.880001068115234,511800
BOTZ,2026-01-23,37.900001525878906,37.930999755859375,37.654998779296875,37.77000045776367,644900
BOTZ,2026-01-26,38.04999923706055,38.279998779296875,37.95000076293945,37.959999084472656,895900
BOTZ,2026-01-27,38.279998779296875,38.32899856567383,38.029998779296875,38.2599983215332,674400
BOTZ,2026-01-28,38.31999969482422,38.34000015258789,37.84000015258789,37.9900016784668,746300
BOTZ,2026-01-29,38.33000183105469,38.36000061035156,37.270999908447266,37.959999084472656,1059800
BOTZ,2026-01-30,37.63999938964844,37.91999816894531,37.20000076293945,37.31999969482422,1062200
BOTZ,2026-02-02,36.915000915527344,37.0890007019043,36.685001373291016,36.869998931884766,1018500
BOTZ,2026-02-03,37.20000076293945,37.25,36.345001220703125,36.880001068115234,1149500
BOTZ,2026-02-04,37.14500045776367,37.27000045776367,36.18000030517578,36.61000061035156,1049900
BOTZ,2026-02-05,36.02000045776367,36.40999984741211,35.73099899291992,35.77000045776367,894200
BOTZ,2026-02-06,36.369998931884766,37.56999969482422,36.31999969482422,37.47999954223633,1179400
BOTZ,2026-02-09,37.43000030517578,38.279998779296875,37.349998474121094,38.13999938964844,816700
BOTZ,2026-02-10,38.400001525878906,38.630001068115234,38.25,38.36000061035156,762300
BOTZ,2026-02-11,38.599998474121094,38.65999984741211,37.810001373291016,38.119998931884766,820600
BOTZ,2026-02-12,38.470001220703125,38.779998779296875,37.790000915527344,37.959999084472656,814200
BOTZ,2026-02-13,38.099998474121094,38.60499954223633,37.83100128173828,38.34000015258789,895200
BOTZ,2026-02-17,38.27000045776367,38.75,37.939998626708984,38.619998931884766,775100
BOTZ,2026-02-18,38.45000076293945,38.70000076293945,38.224998474121094,38.36000061035156,697400
BOTZ,2026-02-19,38.380001068115234,38.63999938964844,38.25,38.63999938964844,866200
BOTZ,2026-02-20,38.48500061035156,39.220001220703125,38.41999816894531,39.02000045776367,1097700
BOTZ,2026-02-23,38.68000030517578,38.849998474121094,38.28099822998047,38.58000183105469,971300
BOTZ,2026-02-24,38.56999969482422,39.099998474121094,38.380001068115234,39.0099983215332,769800
BOTZ,2026-02-25,39.58000183105469,39.77799987792969,39.483001708984375,39.65999984741211,774800
BOTZ,2026-02-26,39.689998626708984,39.689998626708984,39.060001373291016,39.5,1089000
BOTZ,2026-02-27,39.119998931884766,39.209999084472656,38.91999816894531,39.02000045776367,1287700
BOTZ,2026-03-02,37.849998474121094,38.41999816894531,37.59000015258789,38.189998626708984,1393800
BOTZ,2026-03-03,36.380001068115234,37.18000030517578,35.810001373291016,36.900001525878906,3335500
BOTZ,2026-03-04,36.95000076293945,37.314998626708984,36.63999938964844,37.130001068115234,1377400
BOTZ,2026-03-05,36.88999938964844,37.11000061035156,36.06999969482422,36.58000183105469,904700
BOTZ,2026-03-06,35.939998626708984,36.34000015258789,35.849998474121094,36.09000015258789,847300
BOTZ,2026-03-09,35.189998626708984,36.189998626708984,34.78200149536133,36.09000015258789,1025700
BOTZ,2026-03-10,36.560001373291016,37.0,36.150001525878906,36.279998779296875,634400
BOTZ,2026-03-11,36.18000030517578,36.470001220703125,35.970001220703125,36.29999923706055,551300
BOTZ,2026-03-12,36.03499984741211,36.13999938964844,35.47999954223633,35.59000015258789,606200
BOTZ,2026-03-13,35.56999969482422,35.83000183105469,34.724998474121094,34.83000183105469,1047200
BOTZ,2026-03-16,35.34000015258789,35.59000015258789,35.220001220703125,35.38999938964844,686500
BOTZ,2026-03-17,35.4900016784668,35.61000061035156,35.22999954223633,35.380001068115234,449800
BOTZ,2026-03-18,35.35499954223633,35.439998626708984,34.84000015258789,34.849998474121094,874200
BOTZ,2026-03-19,34.31999969482422,35.06999969482422,34.15999984741211,34.880001068115234,970000
BOTZ,2026-03-20,34.459999084472656,34.5099983215332,33.3849983215332,33.599998474121094,1153600
BOTZ,2026-03-23,34.19499969482422,34.595001220703125,33.95000076293945,34.2400016784668,1333300
BOTZ,2026-03-24,33.76499938964844,34.08000183105469,33.650001525878906,33.81999969482422,677000
BOTZ,2026-03-25,34.400001525878906,34.564998626708984,34.130001068115234,34.380001068115234,887500
BOTZ,2026-03-26,33.70000076293945,33.939998626708984,33.244998931884766,33.290000915527344,947800
BOTZ,2026-03-27,32.970001220703125,32.970001220703125,32.36000061035156,32.459999084472656,1384900
BOTZ,2026-03-30,32.58000183105469,32.70000076293945,31.875,31.989999771118164,967400
BOTZ,2026-03-31,32.2599983215332,33.26499938964844,32.2599983215332,33.220001220703125,1057300
BOTZ,2026-04-01,33.91999816894531,34.23500061035156,33.81999969482422,33.900001525878906,661400
BOTZ,2026-04-02,32.90999984741211,33.619998931884766,32.65999984741211,33.400001525878906,701900
BOTZ,2026-04-06,33.5,33.72999954223633,33.369998931884766,33.59000015258789,486400
BOTZ,2026-04-07,33.189998626708984,33.42499923706055,32.7400016784668,33.38999938964844,580300
BOTZ,2026-04-08,35.43000030517578,35.58000183105469,34.91999816894531,35.119998931884766,1146200
BOTZ,2026-04-09,34.810001373291016,35.064998626708984,34.52000045776367,34.91999816894531,696600
BOTZ,2026-04-10,35.505001068115234,35.59000015258789,35.290000915527344,35.43000030517578,573600
BOTZ,2026-04-13,35.16999816894531,35.65999984741211,35.158599853515625,35.61000061035156,210461
QQQ,2025-10-13,598.1541220292103,601.415821078074,595.7103438165695,600.4782104492188,65872600
QQQ,2025-10-14,593.7952358040048,601.1564623206032,588.6284235801336,596.4783935546875,69203200
QQQ,2025-10-15,602.4731063786636,605.1562641092269,594.4136488911962,600.6876220703125,62805500
QQQ,2025-10-16,603.5702851791965,606.7621549667239,593.9847524006545,598.4633178710938,70982000
QQQ,2025-10-17,596.4285459627954,603.9693073296388,594.8525491800316,602.393310546875,72024900
QQQ,2025-10-20,605.5951192469275,611.2406903321764,605.5252900595317,609.98388671875,45761700
QQQ,2025-10-21,610.0837500489531,611.1609582497778,607.7696457807522,609.8244018554688,44538200
QQQ,2025-10-22,609.2657958565487,609.8542605281881,598.2139715066553,603.9493408203125,61478800
QQQ,2025-10-23,603.3708114071275,609.8143961922938,602.9818500103868,609.0264282226562,42844300
QQQ,2025-10-24,614.4226241256162,616.8464337655934,613.5648269782704,615.52978515625,47632500
QQQ,2025-10-27,622.930958710038,626.9506729134798,622.4422152319877,626.4918823242188,54098600
QQQ,2025-10-28,628.7560864561588,633.0651018787079,627.648925370604,631.3095703125,61195700
QQQ,2025-10-29,633.9728090539653,635.3891789092543,628.6463695521778,634.15234375,67422800
QQQ,2025-10-30,630.5614543099158,631.8880872300178,624.3473257513068,624.45703125,61628600
QQQ,2025-10-31,632.5563592252307,632.5863121135939,625.0954113092228,627.4693603515625,66305100
QQQ,2025-11-03,633.4939381480045,634.2021534587442,628.2473125587718,630.4716796875,37154300
QQQ,2025-11-04,621.6941527131348,625.354797701833,616.8864094378021,617.6743774414062,63830800
QQQ,2025-11-05,616.9163015661201,625.0056518350635,615.6395900613109,621.6941528320312,48688500
QQQ,2025-11-06,620.2078932237561,620.4572571227977,608.7471381645778,610.1136474609375,72115100
QQQ,2025-11-07,606.7621834660789,608.3980251800011,597.1466973484642,608.1885375976562,81835400
QQQ,2025-11-10,617.3451949289606,622.7214951546598,615.3203917446493,621.6442260742188,55919900
QQQ,2025-11-11,618.9910087880348,621.1355017301039,615.9487814833327,619.9884643554688,44868800
QQQ,2025-11-12,623.2501373408774,623.2700450530867,616.2379957742788,619.4996948242188,47444400
QQQ,2025-11-13,615.9686873362173,616.5472286099415,604.5378855310528,606.8519897460938,71333600
QQQ,2025-11-14,598.0244819828539,611.7893568378086,595.6505328274214,607.310791015625,80087300
QQQ,2025-11-17,604.7573208445992,610.9215891749508,598.3436886131177,602.1240234375,63850400
QQQ,2025-11-18,598.0943000892208,600.7774579901122,589.8353996813287,594.792724609375,83327300
QQQ,2025-11-19,595.5508254465173,604.6176628042144,593.077155027408,598.3436889648438,73111500
QQQ,2025-11-20,610.0637948039835,612.4676969147798,583.262167456246,584.1798095703125,117743200
QQQ,2025-11-21,585.9751825584982,595.4609945768989,579.2623261905873,588.568603515625,103344200
QQQ,2025-11-24,593.7653733267485,605.1363301511908,593.6456226504143,603.6201782226562,60168100
QQQ,2025-11-25,601.9743827443708,608.7072074163303,595.8001307211132,607.3406982421875,57560900
QQQ,2025-11-26,610.9514997668095,614.6221288317284,608.8368989020178,612.70703125,42393600
QQQ,2025-11-28,614.5423522607352,617.7442066386661,613.8541054647261,617.6743774414062,23034400
QQQ,2025-12-01,612.0686387329198,617.8638528985133,610.961477711232,615.599609375,40957600
QQQ,2025-12-02,617.8838431924653,622.1629056286581,616.018606165418,620.4173583984375,54541800
QQQ,2025-12-03,618.0434315384043,622.6317029281745,616.4575112334458,621.9335327148438,47841600
QQQ,2025-12-04,623.339907329069,623.3498916256304,617.9636071501104,621.35498046875,47067800
QQQ,2025-12-05,622.7913119974152,627.3197383563271,622.1230338136666,623.8884887695312,53614200
QQQ,2025-12-08,625.6141268554061,627.2399842967836,620.10815265492,622.6915893554688,43462400
QQQ,2025-12-09,621.4248072711308,624.2775156033157,619.4199118254116,623.4595947265625,37156000
QQQ,2025-12-10,622.2626189242517,627.6090269272694,619.4099106697121,626.0130615234375,55031400
QQQ,2025-12-11,622.2327496814814,624.1877845427603,616.148234091509,623.98828125,58272800
QQQ,2025-12-12,620.4972123256402,621.953458575216,609.8044563667469,612.0587158203125,75158700
QQQ,2025-12-15,616.7966055109866,616.8464661142882,607.7696446385382,608.9865112304688,49538200
QQQ,2025-12-16,606.7123103516171,611.9489518835392,605.3657088583533,610.1934204101562,55152800
QQQ,2025-12-17,611.5001003103562,612.0886258751325,598.7526499708691,598.8822631835938,70654300
QQQ,2025-12-18,608.2484274799762,611.3704684542074,605.3757504118026,607.5601806640625,78875800
QQQ,2025-12-19,610.392920608793,616.0484763883416,610.3131071204459,615.4799194335938,60369800
QQQ,2025-12-22,620.5674955378034,620.8671665076671,616.9920478025754,618.4302368164062,43703100
QQQ,2025-12-23,617.42148892244,621.6261480926279,617.0020349130734,621.3265380859375,41120400
QQQ,2025-12-24,621.2067276835874,623.4938829346665,620.9370481838333,623.144287109375,18468700
QQQ,2025-12-26,623.873297918951,624.7322611929134,622.3552536061636,623.1043090820312,28959800
QQQ,2025-12-29,619.3190849184411,621.995763643064,617.9508150333834,620.088134765625,32458300
QQQ,2025-12-30,619.0594201394988,621.3964390816567,618.4401448660525,618.64990234375,31226800
QQQ,2025-12-31,618.8696789386981,619.1792861072609,613.2766946262738,613.536376953125,40746500
QQQ,2026-01-02,619.2791633693975,622.0656280105537,609.381669736326,612.347900390625,61859200
QQQ,2026-01-05,618.5400731036631,620.0281869343077,615.9433108116908,617.2117309570312,46828400
QQQ,2026-01-06,618.4501618747352,623.2341686687002,617.7610283782293,622.6348876953125,43137500
QQQ,2026-01-07,622.2553845556755,627.1492383750701,621.7760085257346,623.2341918945312,44880300
QQQ,2026-01-08,622.2454332860368,622.6348958217857,617.0219780933957,619.6885986328125,50435900
QQQ,2026-01-09,620.6273877403378,627.0992684709724,618.280371644388,625.86083984375,49688700
QQQ,2026-01-12,621.5263228144307,628.0580650499223,621.4763979710708,626.3801879882812,37388700
QQQ,2026-01-13,626.4800871429724,628.6772678768714,622.9145755930199,625.4513549804688,44481400
QQQ,2026-01-14,621.4563902550666,622.6648884214621,613.7860691564842,618.769775390625,72598700
QQQ,2026-01-15,625.8108857116995,629.206628407055,619.9682771169513,620.9970092773438,53934900
QQQ,2026-01-16,624.7123119754499,625.2915986535979,618.1006533744517,620.4776611328125,61058100
QQQ,2026-01-20,609.7611716460692,614.2854351912486,606.2855126563834,607.2942504882812,81988900
QQQ,2026-01-21,608.7024240227943,619.6386461402016,607.0944662344775,615.50390625,79837900
QQQ,2026-01-22,621.5662350217955,621.6761428244047,617.0020437780021,619.978271484375,42254800
QQQ,2026-01-23,618.949566020391,624.612469784726,617.8709699342951,621.935791015625,43645800
QQQ,2026-01-26,622.425196766994,626.81961915323,621.3365426117721,624.67236328125,35983000
QQQ,2026-01-27,628.1179690883873,631.2440322678261,626.5499998769385,630.335205078125,38997200
QQQ,2026-01-28,634.6597767228699,635.7982947738302,631.014348844542,632.4225463867188,50691700
QQQ,2026-01-29,631.8533057393616,632.8719797654484,617.4914101080947,628.6373291015625,79944000
QQQ,2026-01-30,624.9220440060533,627.4688205124429,618.5200822009824,621.0868530273438,65650700
QQQ,2026-02-02,617.9208683974972,627.6985176699922,617.8808797571519,625.3515014648438,49020300
QQQ,2026-02-03,627.5087242048245,629.1866011443993,610.1905958568021,615.7435913085938,81234000
QQQ,2026-02-04,614.2455284678144,614.3253838343164,599.7138024298947,604.9871826171875,81850700
QQQ,2026-02-05,599.4541864003901,604.0483693053457,594.0110373128413,596.2781982421875,89354500
QQQ,2026-02-06,599.434154665902,610.6399955270392,598.0159600076653,608.8822631835938,78019300
QQQ,2026-02-09,606.7748955946631,615.6837064208919,604.3080353554789,613.54638671875,56797600
QQQ,2026-02-10,614.5351423104305,616.2430108652889,610.2405694597212,610.699951171875,53938900
QQQ,2026-02-11,615.6037921922693,616.7423712103644,606.9247331463698,612.337890625,58575100
QQQ,2026-02-12,613.9358943887876,615.0344847338599,598.8149461335121,599.8836059570312,81378900
QQQ,2026-02-13,599.673873409497,605.7162424752422,595.6689134343201,601.1619873046875,69237500
QQQ,2026-02-17,597.626419057608,603.1894116444834,592.5927882610704,600.542724609375,69013800
QQQ,2026-02-18,601.3517411914925,609.0021290003773,599.9634770047899,605.027099609375,64250700
QQQ,2026-02-19,602.0508799312083,605.0570991965415,599.993476524114,602.7100219726562,60960800
QQQ,2026-02-20,599.3642756707148,609.581373723881,598.4753818004266,608.0433349609375,74127300
QQQ,2026-02-23,605.8460514657053,607.2443127599432,598.2955745850619,600.652587890625,63859100
QQQ,2026-02-24,601.6414099286677,608.2230768722754,598.9747284234804,607.1044921875,55023700
QQQ,2026-02-25,610.3004608891118,616.053216829597,610.2305417280922,615.9033813476562,55710700
QQQ,2026-02-26,614.8148183820397,614.8148183820397,603.2193924504018,608.4727783203125,96178900
QQQ,2026-02-27,602.2206376135266,607.5539396831472,601.4316544188312,606.5252075195312,68125200
QQQ,2026-03-02,598.1058012495889,609.1518702196468,597.2369017749593,607.32421875,75264600
QQQ,2026-03-03,595.5790600436336,603.1994564784976,591.1246545665933,600.8224487304688,97015500
QQQ,2026-03-04,603.3991678160902,612.108218610738,602.6701065956436,609.9808959960938,70943900
QQQ,2026-03-05,606.6350803018902,611.9883154244911,601.5015388569162,608.1431274414062,89602400
QQQ,2026-03-06,599.5539822531658,605.2368188486739,597.5764953219963,598.9946899414062,86302300
QQQ,2026-03-09,593.4816386137257,608.5027370453225,590.5853272955466,606.99462890625,93068200
QQQ,2026-03-10,607.0146358319374,612.5176457382476,604.65756151405,607.004638671875,64078900
QQQ,2026-03-11,608.1831666985171,611.6587648578186,604.2681201890963,606.9247436523438,60114800
QQQ,2026-03-12,602.0009473234562,603.3792143506387,596.2981160455262,596.5078735351562,71836600
QQQ,2026-03-13,598.9747313072235,602.8398528802119,591.8237748266745,592.9722900390625,63145500
QQQ,2026-03-16,599.2843027330098,603.099499235842,598.3554812666724,599.6239013671875,49077200
QQQ,2026-03-17,602.3804630878033,605.1369970937805,601.1120429286618,602.5502319335938,47106600
QQQ,2026-03-18,600.7325461165636,602.400426051188,593.8112802396884,594.15087890625,56128000
QQQ,2026-03-19,588.7676039624899,595.0496606380132,586.3406715242521,592.273193359375,75597600
QQQ,2026-03-20,590.3156309505814,590.4254777892629,577.8113788279011,581.3269653320312,91964700
QQQ,2026-03-23,590.52001953125,595.0800170898438,585.9600219726562,588.0,89936100
QQQ,2026-03-24,584.8099975585938,587.9299926757812,581.9299926757812,583.97998046875,57750900
QQQ,2026-03-25,589.1400146484375,591.3699951171875,585.6900024414062,587.8200073242188,60475500
QQQ,2026-03-26,582.5999755859375,584.6300048828125,573.4299926757812,573.7899780273438,81492100
QQQ,2026-03-27,570.8099975585938,571.02001953125,561.5700073242188,562.5800170898438,82702200
QQQ,2026-03-30,567.3800048828125,568.0499877929688,555.5999755859375,558.280029296875,70602600
QQQ,2026-03-31,564.2899780273438,578.6400146484375,564.2100219726562,577.1799926757812,95878000
QQQ,2026-04-01,581.47998046875,587.739990234375,580.4199829101562,584.3099975585938,79435100
QQQ,2026-04-02,573.969970703125,586.0499877929688,571.9199829101562,584.97998046875,50941700
QQQ,2026-04-06,586.22998046875,590.6099853515625,584.6900024414062,588.5,35108500
QQQ,2026-04-07,585.6400146484375,588.97998046875,578.4000244140625,588.5900268554688,49948200
QQQ,2026-04-08,608.7100219726562,609.9000244140625,602.1199951171875,606.0900268554688,63086000
QQQ,2026-04-09,605.9299926757812,610.5,603.030029296875,610.1900024414062,37837500
QQQ,2026-04-10,611.8400268554688,613.6699829101562,609.5800170898438,611.0700073242188,33831300
QQQ,2026-04-13,609.5599975585938,614.4199829101562,608.1099853515625,612.8400268554688,16199148
VOO,2025-10-13,603.7501663923523,607.3883873495164,602.9648965086085,605.976806640625,6968400
VOO,2025-10-14,600.5991382211324,608.4918203254622,596.9311272288005,605.1220092773438,7493500
VOO,2025-10-15,609.4162512810436,612.5375521653754,602.209459611245,607.7860107421875,6504900
VOO,2025-10-16,609.4560228938019,611.1359533976733,600.5395106842253,603.7701416015625,7594800
VOO,2025-10-17,602.7263544728665,608.3724954618767,601.4936936753926,607.1199951171875,6911000
VOO,2025-10-20,609.8535998943682,614.3267806996383,609.8535998943682,613.4917602539062,4086200
VOO,2025-10-21,613.6508524205653,615.0524224043328,612.3088617504234,613.4122924804688,4216200
VOO,2025-10-22,614.1478320372524,614.1478320372524,606.1955109774236,610.310791015625,6961600
VOO,2025-10-23,610.5892021578989,614.7840227435737,610.3307419945351,613.7601928710938,5851800
VOO,2025-10-24,618.2134714925842,620.0723218348116,617.50774177195,618.8397216796875,5694900
VOO,2025-10-27,623.9987598257642,626.5335500974327,623.42219954544,626.2453002929688,7804300
VOO,2025-10-28,627.9451321516672,629.6151123421238,625.8874617371589,627.9252319335938,5625600
VOO,2025-10-29,629.4362161783326,630.3507161733162,624.1280148208657,628.1837158203125,6104500
VOO,2025-10-30,625.0624025949658,626.8715630015012,621.37449168879,621.513671875,6243300
VOO,2025-10-31,626.0862784539568,626.185658200983,620.7780773263205,623.3029174804688,7058600
VOO,2025-11-03,626.6627847205696,626.7820646868271,621.4341237378264,624.525634765625,5568100
VOO,2025-11-04,617.9451019594076,621.4440821352898,616.5037315646089,617.2890014648438,8390500
VOO,2025-11-05,616.8913972867884,622.2691277497228,616.135917072832,619.1478271484375,10323100
VOO,2025-11-06,618.2532632578175,619.0782729385742,611.1558016844767,612.5673217773438,7099400
VOO,2025-11-07,610.430139668182,613.3426700140377,604.2968682868144,613.2134399414062,7571300
VOO,2025-11-10,618.978887759439,623.471968828887,616.9609570533538,622.736328125,8425000
VOO,2025-11-11,621.4341749615753,624.7443459765653,620.3507050668615,624.1677856445312,5639200
VOO,2025-11-12,625.8974219577688,626.016701925343,622.3685307909411,624.4758911132812,6090200
VOO,2025-11-13,621.9411061126289,622.2890565805263,612.8357247053674,614.306884765625,13065800
VOO,2025-11-14,608.1041066376015,617.517638430504,606.1955663967515,614.1478881835938,9681700
VOO,2025-11-17,612.0703562133288,615.7582675174145,605.1816643094512,608.3923950195312,8902500
VOO,2025-11-18,605.0921664379869,607.865577632012,599.4062851932532,603.3824462890625,8542600
VOO,2025-11-19,603.8993555884074,609.9132870014175,602.0603447124275,605.5693359375,7449400
VOO,2025-11-20,615.0325432018316,617.4282141368624,595.7879388720404,596.3843994140625,13985000
VOO,2025-11-21,598.6607258714304,607.3685279551662,594.8137950520459,602.3187866210938,9821400
VOO,2025-11-24,605.648784116846,612.4181948030304,604.6845336661578,611.2750244140625,6242700
VOO,2025-11-25,611.1160371911918,618.0444679671622,607.34858616432,616.9609375,7389500
VOO,2025-11-26,619.3467132411256,623.0743641635969,618.5514931786121,621.2254638671875,5323200
VOO,2025-11-28,622.299034989577,624.8835153218425,621.9809348350611,624.664794921875,2953200
VOO,2025-12-01,620.4500625327584,624.2672036446949,620.3804724373059,621.7920532226562,9191600
VOO,2025-12-02,623.2731331150744,625.0226535116376,620.8973625613007,622.845703125,5280600
VOO,2025-12-03,622.0405235952942,626.0266343011092,621.2254033923623,625.0226440429688,6338400
VOO,2025-12-04,626.3745087682348,626.4241986402018,622.7462380437266,625.5494384765625,5147700
VOO,2025-12-05,626.5435531813158,629.2075737526369,625.728432901289,626.7224731445312,5693100
VOO,2025-12-08,627.5971969358177,627.7065267950836,622.9649963669528,624.8635864257812,6876700
VOO,2025-12-09,624.4361686223511,626.4540993605336,623.9192483009646,624.3566284179688,12849000
VOO,2025-12-10,623.889424685639,629.7343856259172,622.7363041347564,628.3923950195312,22457400
VOO,2025-12-11,626.245316610652,630.0922472732628,623.5316063201866,629.9332275390625,33921000
VOO,2025-12-12,629.0286232435809,629.6548734201248,620.7582015408516,623.1339721679688,8534700
VOO,2025-12-15,626.8019918458085,626.8019918458085,620.8477007005091,622.2294311523438,11337200
VOO,2025-12-16,620.8278078632031,622.487838044206,616.9510874043185,620.4898681640625,15819600
VOO,2025-12-17,621.4640174764938,621.9113477169055,613.4818452603641,613.6707153320312,21356900
VOO,2025-12-18,619.3367585220589,622.2095493727335,616.8715581451928,618.302978515625,37062400
VOO,2025-12-19,620.2612042371405,624.3864954664299,620.1419242630724,623.8198852539062,10487000
VOO,2025-12-22,626.9907948382787,628.2867528109041,625.8244935060131,627.7484130859375,9850100
VOO,2025-12-23,626.9609556499431,630.8885603281927,626.9409991129198,630.67919921875,13798500
VOO,2025-12-24,630.6791859839406,633.320871673865,630.54959018221,632.7825927734375,3275200
VOO,2025-12-26,633.1414510628205,634.0784956451618,631.8854061074372,632.8424072265625,3852100
VOO,2025-12-29,630.3103921839986,631.7956940140008,628.9646644322377,630.6094360351562,6579400
VOO,2025-12-30,630.2107087222766,631.2175403545457,629.423155625341,629.732177734375,4180400
VOO,2025-12-31,629.9515396635827,630.1509225120875,624.9672726664797,625.1566772460938,5556800
VOO,2026-01-02,628.6556005821125,629.6723496085568,623.2426942846066,626.3229370117188,11337000
VOO,2026-01-05,629.393290983123,632.0448941989613,629.2437386391077,630.4699096679688,16175600
VOO,2026-01-06,630.6492952152564,634.676560700582,630.5396559530523,634.2080688476562,8672000
VOO,2026-01-07,634.5769502621604,636.2117435867215,631.9352644321782,632.1744995117188,8820100
VOO,2026-01-08,631.4866273690646,633.1015248945556,630.2505389760319,632.0648193359375,9017400
VOO,2026-01-09,633.1514228551882,637.4279017776852,631.8056343411428,636.3014526367188,7864100
VOO,2026-01-12,633.1912813337509,638.1456132747566,633.1613465285859,637.3282470703125,7929800
VOO,2026-01-13,637.667171495868,638.1357242292579,633.8193319990434,636.0223999023438,8860000
VOO,2026-01-14,633.4903348185279,634.1183573055588,629.0144729471913,632.9420776367188,8683400
VOO,2026-01-15,636.7600192444881,637.5674680057444,633.6996722290087,634.6167602539062,6937000
VOO,2026-01-16,635.9526119524139,636.5008691494698,632.6829036215094,634.0885009765625,6733700
VOO,2026-01-20,624.7878350890451,627.7783952333785,620.262081797702,621.189208984375,14877600
VOO,2026-01-21,623.0533256649838,631.4069619456919,621.6876413873049,628.3067016601562,10403800
VOO,2026-01-22,632.4336342193808,633.6198920846093,629.7620746664077,631.5763549804688,6085500
VOO,2026-01-23,630.8885484448035,633.4703645304628,629.9813778307397,631.8355712890625,5850400
VOO,2026-01-26,633.0318116823709,636.3812243340543,632.5234067392744,635.0853271484375,9007400
VOO,2026-01-27,636.4110713160646,638.5842042244849,635.8628141657504,637.6870727539062,4339600
VOO,2026-01-28,639.032851924327,639.7904702337662,636.2117398014742,637.58740234375,5568700
VOO,2026-01-29,638.4147731092087,639.0228390403352,627.8381738425048,636.2615966796875,8697200
VOO,2026-01-30,634.2479523837117,636.4410419515368,629.9614950902494,634.218017578125,6562300
VOO,2026-02-02,632.1844210853287,638.9431156917317,632.0747818242223,637.6671142578125,9490300
VOO,2026-02-03,638.315148704146,638.9830234398476,627.1304220220587,632.1546020507812,9702800
VOO,2026-02-04,632.9321137380748,633.9189888563574,625.0270736799457,628.9247436523438,11322000
VOO,2026-02-05,624.269416268178,626.7715278478421,619.5443412444276,621.1392822265625,11714700
VOO,2026-02-06,624.7478791699393,634.7164123007573,624.2295568204432,633.2410888671875,12987900
VOO,2026-02-09,632.0747966164091,637.9761512786496,631.1177955185733,636.2216796875,8908500
VOO,2026-02-10,637.1288942681263,638.6042178247523,634.0785253093898,634.4373779296875,13645300
VOO,2026-02-11,638.4745826229479,639.1325398960017,631.8455444528879,634.3475952148438,5345000
VOO,2026-02-12,636.5008740941993,637.5077057629776,623.7909932456909,624.5186767578125,8951100
VOO,2026-02-13,624.9572716646039,629.1839201895053,621.1592627846891,624.9174194335938,9312800
VOO,2026-02-17,623.5716131766302,627.947813918952,619.5543258756086,626.013916015625,8718600
VOO,2026-02-18,627.1303817388545,631.8056262746594,626.0238891485947,629.1640014648438,9509200
VOO,2026-02-19,626.9709413081965,629.0942438607823,624.8376604869816,627.5491333007812,5212400
VOO,2026-02-20,625.5055037062776,632.5831988061159,625.0569683853632,632.0249633789062,7482000
VOO,2026-02-23,630.6194006833334,632.613107438793,623.781001114451,625.6550903320312,10868700
VOO,2026-02-24,625.1766274090892,631.0979389749934,623.4321339778913,630.220703125,6930300
VOO,2026-02-25,632.7726008854187,635.9924176365773,632.7426660811561,635.52392578125,12135200
VOO,2026-02-26,635.6435697985864,635.7631873344244,627.4494035350784,631.9552001953125,9497700
VOO,2026-02-27,626.2631440545715,629.7023003091678,624.9672468574614,629.0543212890625,10471100
VOO,2026-03-02,622.2259227981638,631.3471556958345,621.637752524395,629.2936401367188,9211400
VOO,2026-03-03,618.8565145092585,625.8145312957482,613.9420348844322,623.7510375976562,18493400
VOO,2026-03-04,624.9472699077184,629.9714496087968,623.1031155924247,628.197021484375,13489800
VOO,2026-03-05,625.316116623046,628.5160377831583,619.4446966266207,624.837646484375,12198800
VOO,2026-03-06,617.3911794080059,619.8633562416012,614.0616624542542,616.4840087890625,9739200
VOO,2026-03-09,610.931519267521,623.352333704435,607.2830628384654,621.8370971679688,13929200
VOO,2026-03-10,621.3586465715416,626.5223396993956,618.6771085868369,620.760498046875,15570400
VOO,2026-03-11,621.2389942063103,623.46195761512,617.3512419647918,620.0726928710938,6433300
VOO,2026-03-12,615.2778116016729,615.766320864175,610.492927564936,610.5726928710938,15487600
VOO,2026-03-13,613.6031176456171,616.3843775608374,606.336078290218,607.1734619140625,25527500
VOO,2026-03-16,612.7856587154628,616.1351321936789,611.6093790701457,613.2542114257812,8303200
VOO,2026-03-17,616.4241759669457,618.3182215917396,614.3308083547819,614.9488525390625,9941800
VOO,2026-03-18,612.755779321226,613.9520154926196,606.21642387312,606.4656372070312,14276900
VOO,2026-03-19,602.238986682796,607.7715105075661,600.6439848455091,604.8407592773438,10271900
VOO,2026-03-20,603.5248932500269,603.6943412769623,592.6990808864354,596.0584716796875,17685700
VOO,2026-03-23,604.9504225639998,609.107344931135,601.1623919200568,602.528076171875,24014300
VOO,2026-03-24,598.7400037913939,604.0033575888065,597.4341283991844,600.4844970703125,18363300
VOO,2026-03-25,605.4887262623266,607.5222851160179,601.4613999408256,603.754150390625,23288300
VOO,2026-03-26,599.407902827006,602.0096754492398,592.8087385654484,593.0479736328125,7712600
VOO,2026-03-27,590.6799926757812,590.8300170898438,582.030029296875,582.9600219726562,11707700
VOO,2026-03-30,588.3900146484375,588.6699829101562,578.4600219726562,580.9299926757812,11839200
VOO,2026-03-31,587.3499755859375,598.8499755859375,586.5,597.5499877929688,12447300
VOO,2026-04-01,601.0599975585938,605.3499755859375,600.27001953125,602.2999877929688,11332500
VOO,2026-04-02,594.22998046875,604.7899780273438,593.030029296875,602.989990234375,12780100
VOO,2026-04-06,602.9199829101562,606.4400024414062,602.6099853515625,605.6699829101562,6316800
VOO,2026-04-07,603.5800170898438,606.3099975585938,598.5,606.0399780273438,6690000
VOO,2026-04-08,621.7999877929688,622.489990234375,617.2999877929688,621.3400268554688,9805100
VOO,2026-04-09,620.3400268554688,626.1699829101562,619.4000244140625,625.02001953125,5498300
VOO,2026-04-10,626.3300170898438,626.989990234375,623.719970703125,624.5999755859375,4596500
VOO,2026-04-13,622.75,627.2050170898438,621.989990234375,625.9199829101562,3109290
